last_name, first_name,player_id,year,xba,xslg,woba,xwoba,xobp,xiso,exit_velocity_avg,launch_angle_avg,sweet_spot_percent,barrel_batted_rate,
Pujols, Albert,405395,2022,.262,.499,.380,.365,.343,.237,91.2,16.4,34.5,12,
Cabrera, Miguel,408234,2022,.234,.331,.275,.275,.290,.096,89.9,5,35.2,4.7,
Molina, Yadier,425877,2022,.230,.328,.235,.254,.251,.098,84.7,16.9,34.1,3.1,
Cruz Jr., Nelson,443558,2022,.241,.399,.292,.320,.323,.157,90.9,7.2,28,9.3,
Peralta, David,444482,2022,.249,.399,.315,.313,.318,.150,90.3,15.1,35,8.5,
Longoria, Evan,446334,2022,.233,.437,.330,.324,.309,.204,91.1,18.2,33.3,12.4,
Blackmon, Charlie,453568,2022,.256,.376,.317,.301,.308,.120,86.2,12.4,36.7,4.4,
Maldonado, Martin,455117,2022,.181,.325,.264,.253,.245,.144,88.4,14.7,31.6,8.1,
Solano, Donovan,456781,2022,.268,.393,.319,.315,.325,.125,88.3,10.7,36.1,5.9,
McCutchen, Andrew,457705,2022,.252,.406,.309,.325,.329,.155,89.1,13.2,36.2,8.6,
Turner, Justin,457759,2022,.267,.427,.343,.339,.343,.160,89.5,18.4,40.6,8,
Votto, Joey,458015,2022,.218,.390,.310,.322,.331,.172,89.7,14.2,32.9,11.1,
Andrus, Elvis,462101,2022,.245,.360,.310,.293,.300,.114,87.9,11.9,29.1,4.5,
Santana, Carlos,467793,2022,.253,.438,.308,.352,.361,.185,90.7,15.4,31.6,9.3,
Belt, Brandon,474832,2022,.215,.412,.303,.326,.328,.197,88.4,23.4,38.5,12.6,
Brantley Jr., Michael,488726,2022,.310,.467,.345,.374,.390,.158,89.8,10.7,39.5,6,
Gurriel, Yuli,493329,2022,.240,.319,.285,.271,.286,.079,88.2,14.6,30.3,1.9,
Rojas, Miguel,500743,2022,.264,.347,.268,.293,.310,.083,86.1,10.1,33.1,1.9,
Escobar, Eduardo,500871,2022,.243,.427,.311,.314,.300,.183,88.3,20.6,38.7,9.4,
Pham, Tommy,502054,2022,.238,.383,.304,.311,.315,.145,92.2,7.7,33.2,7.9,
Martinez, J.D.,502110,2022,.260,.471,.343,.349,.330,.211,89.1,14.1,42,12.5,
Goldschmidt, Paul,502671,2022,.261,.482,.419,.367,.357,.221,90.8,15.7,31.8,11.6,
Altuve, Jose,514888,2022,.269,.440,.397,.354,.362,.171,85.9,16.1,35.4,7.7,
Hernandez, Cesar,514917,2022,.248,.329,.283,.290,.312,.081,84.8,9.3,33.3,2.4,
Segura, Jean,516416,2022,.254,.363,.320,.303,.316,.109,87.6,4.3,28.3,4.4,
Marte, Starling,516782,2022,.276,.428,.355,.336,.332,.153,86.8,7.5,38.5,6.8,
d'Arnaud, Travis,518595,2022,.247,.412,.343,.313,.300,.166,88.5,11.8,35,8.5,
Donaldson, Josh,518626,2022,.215,.370,.302,.299,.303,.154,90.7,12,34.8,9.8,
Freeman, Freddie,518692,2022,.313,.538,.393,.403,.400,.225,91.3,13.6,42.9,9.9,
Grandal, Yasmani,518735,2022,.217,.319,.263,.290,.317,.102,90,12.1,30,4.8,
LeMahieu, DJ,518934,2022,.274,.403,.329,.344,.369,.130,89.2,3,32.8,5.3,
Moustakas, Mike,519058,2022,.195,.307,.286,.270,.281,.112,87.6,19.4,36.1,6.1,
Rizzo, Anthony,519203,2022,.239,.454,.352,.349,.350,.215,89.4,19.3,34.2,10.9,
Stanton, Giancarlo,519317,2022,.240,.477,.327,.351,.328,.236,95,10.8,26.9,19.3,
Perez, Salvador,521692,2022,.245,.473,.324,.326,.285,.228,91.4,17.8,34.8,11.2,
Flores, Wilmer,527038,2022,.233,.370,.312,.310,.322,.137,87.8,20.7,35.7,6.3,
Garcia, Avisail,541645,2022,.230,.366,.258,.281,.273,.136,88.7,2.8,27.6,6.4,
Bethancourt, Christian,542194,2022,.255,.449,.301,.318,.286,.194,90.1,9.4,31.4,11.7,
Ozuna, Marcell,542303,2022,.256,.478,.298,.337,.303,.222,89.4,16.5,31.8,13.1,
Ortega, Rafael,542364,2022,.241,.346,.305,.307,.334,.104,87.2,17.1,37.6,4.8,
Aguilar, Jesus,542583,2022,.240,.393,.288,.298,.288,.153,87.7,19.1,39.7,6.9,
Berti, Jon,542932,2022,.236,.358,.298,.306,.322,.122,88,4.7,30.7,5.9,
Crawford, Brandon,543063,2022,.217,.339,.289,.287,.300,.122,88.1,12.3,31,6.7,
Cron, C.J.,543068,2022,.244,.438,.335,.321,.306,.194,88.7,14.2,36.8,10.8,
Gomes, Yan,543228,2022,.251,.379,.271,.287,.278,.127,85.3,9.4,37.9,3.4,
Grossman, Robbie,543257,2022,.205,.305,.283,.281,.307,.100,86.7,21.1,38.5,3.5,
Harrison, Josh,543281,2022,.233,.335,.305,.284,.297,.102,87.4,14.7,32,3.8,
Hicks, Aaron,543305,2022,.218,.336,.292,.303,.333,.117,87.9,14.8,25.2,5.8,
Hosmer, Eric,543333,2022,.258,.379,.313,.311,.327,.120,88.4,3.1,29.3,5.7,
Nola, Austin,543592,2022,.256,.351,.290,.305,.330,.095,89.4,12,35.4,2.4,
Semien, Marcus,543760,2022,.243,.394,.317,.306,.301,.151,87.3,19.9,32.4,6.8,
Springer III, George,543807,2022,.265,.438,.352,.342,.342,.172,88.7,13.9,31.8,8.4,
Vazquez, Christian,543877,2022,.262,.375,.312,.301,.306,.113,87.9,10.7,36.1,5.1,
Wong, Kolten,543939,2022,.235,.353,.336,.305,.327,.118,87,14,33.5,5.4,
Garcia, Leury,544725,2022,.233,.325,.221,.258,.258,.092,87,6.2,30,4.2,
Grichuk, Randal,545341,2022,.229,.370,.315,.281,.271,.141,90,8.7,27.3,6.8,
Stassi, Max,545358,2022,.180,.325,.258,.266,.268,.145,88.6,9.5,26,9.4,
Trout, Mike,545361,2022,.265,.583,.418,.395,.354,.317,91.6,24.6,37.7,19.7,
Harper, Bryce,547180,2022,.288,.527,.369,.380,.369,.238,92.1,11.8,37.2,12.8,
Abreu, Jose,547989,2022,.296,.486,.361,.373,.372,.190,92.2,8,34.5,9.5,
Diaz, Elias,553869,2022,.222,.339,.284,.274,.278,.117,88.4,11.1,28.3,5.9,
Narvaez, Omar,553882,2022,.207,.293,.269,.268,.294,.087,84.7,17.7,36.7,2.4,
Suarez, Eugenio,553993,2022,.220,.454,.344,.339,.321,.234,89.8,19.9,36.4,14.8,
Urshela, Gio,570482,2022,.268,.416,.332,.323,.324,.148,88.9,11.8,38.6,7,
Schoop, Jonathan,570731,2022,.228,.338,.245,.268,.267,.111,87,9.7,29.1,4.8,
Arenado, Nolan,571448,2022,.265,.445,.381,.339,.335,.179,88.7,21.7,35.4,8.2,
Barnhart, Tucker,571466,2022,.201,.264,.253,.244,.269,.063,84.5,10.1,30.3,1.9,
Farmer, Kyle,571657,2022,.258,.380,.309,.311,.320,.122,85.5,12.7,37.7,4.4,
Hernandez, Enrique,571771,2022,.238,.356,.280,.296,.308,.119,87.8,17.1,33.3,5.8,
Muncy, Max,571970,2022,.208,.417,.318,.339,.342,.209,90.3,20.9,34.3,13.4,
Myers, Wil,571976,2022,.225,.373,.311,.288,.285,.148,88.5,13,37.6,7.3,
Naquin, Tyler,571980,2022,.247,.433,.303,.317,.299,.186,90.3,14.4,39.9,9.6,
Pollock, AJ,572041,2022,.258,.419,.297,.317,.305,.161,88.8,11.6,32.9,9.4,
Taylor, Michael A.,572191,2022,.223,.358,.297,.289,.288,.135,86.3,12.1,33.5,6.8,
Thompson, Trayce,572204,2022,.251,.496,.370,.366,.350,.245,92.2,16.4,45.3,16.4,
Voit III, Luke,572228,2022,.222,.434,.311,.322,.306,.212,89.8,18.4,34.6,14.7,
Walker, Christian,572233,2022,.257,.484,.346,.359,.343,.227,90,17,33.3,11.5,
Dickerson, Corey,572816,2022,.263,.371,.303,.292,.297,.107,87.7,10.6,33.2,3.8,
Ruf, Darin,573131,2022,.219,.371,.291,.310,.321,.153,89.2,14.8,34.5,8.6,
Yastrzemski, Mike,573262,2022,.220,.392,.307,.314,.313,.172,89.9,19.9,36.2,11.1,
Contreras, Willson,575929,2022,.256,.463,.357,.364,.362,.207,90.4,8.5,30.2,10.5,
Iglesias, Jose,578428,2022,.266,.323,.312,.281,.304,.056,83.8,6,30.6,0.5,
Canha, Mark,592192,2022,.245,.362,.343,.323,.351,.117,87.7,10.9,32.2,4.9,
Castellanos, Nick,592206,2022,.250,.395,.304,.302,.293,.145,87.5,14.6,36.9,6.6,
Drury, Brandon,592273,2022,.242,.420,.350,.316,.303,.179,89.1,13.8,34.8,10.4,
Gamel, Ben,592325,2022,.244,.372,.308,.316,.335,.128,88.8,11.3,38,6.2,
Judge, Aaron,592450,2022,.305,.706,.458,.463,.422,.401,95.9,15,39,26.5,
Machado, Manny,592518,2022,.264,.447,.382,.338,.338,.183,91.5,16,36.7,9.8,
Pederson, Joc,592626,2022,.266,.502,.373,.367,.348,.236,93.2,14.8,34.2,15.1,
Realmuto, J.T.,592663,2022,.275,.463,.354,.351,.342,.188,90.3,13.1,35.6,11.3,
Renfroe, Hunter,592669,2022,.240,.438,.347,.323,.303,.199,90.5,17.7,32.7,10.9,
Rosario, Eddie,592696,2022,.200,.318,.258,.250,.249,.118,87.7,15.2,32.4,5.4,
Yelich, Christian,592885,2022,.258,.404,.328,.339,.360,.146,91.5,3.6,30.3,8.2,
Merrifield, Whit,593160,2022,.240,.356,.294,.288,.292,.116,87.1,15.1,37.9,4.2,
Bogaerts, Xander,593428,2022,.259,.383,.363,.323,.338,.124,88.1,10.2,30.3,6.5,
Polanco, Jorge,593871,2022,.248,.451,.333,.358,.361,.203,89,21.7,37.7,10.2,
Calhoun, Kole,594777,2022,.223,.382,.260,.294,.284,.158,90.8,15.4,40.4,9.8,
Duvall, Adam,594807,2022,.209,.395,.295,.293,.274,.186,88.3,23.4,36.2,12.8,
Alfaro, Jorge,595751,2022,.238,.397,.291,.295,.278,.160,89.4,8,38.5,11.2,
Profar, Jurickson,595777,2022,.251,.359,.320,.315,.340,.108,87.5,12.9,34.7,4,
Baez, Javier,595879,2022,.230,.378,.291,.285,.272,.149,87.9,9.6,29.7,8,
Hedges, Austin,595978,2022,.183,.264,.225,.240,.260,.082,84.2,16.7,31.9,3.1,
Lindor, Francisco,596019,2022,.254,.427,.342,.331,.326,.173,89.3,13.8,29.2,8.3,
Odor, Rougned,596059,2022,.207,.339,.278,.277,.279,.132,87.8,21.5,30.5,6.5,
Slater, Austin,596103,2022,.259,.429,.344,.351,.363,.170,89,6.6,43.2,10.5,
Story, Trevor,596115,2022,.221,.397,.316,.301,.290,.176,88.9,17.8,36,11.3,
Vogelbach, Daniel,596129,2022,.236,.428,.349,.350,.360,.192,89.4,15.8,38.1,10.6,
Sanchez, Gary,596142,2022,.220,.439,.290,.321,.298,.218,90.5,14,29.2,13.5,
Kepler, Max,596146,2022,.266,.412,.298,.338,.353,.146,89.1,11.2,31.9,7.1,
Franco, Maikel,596748,2022,.243,.351,.261,.272,.270,.108,87,11.5,33.1,4.7,
Choi, Ji-Man,596847,2022,.236,.413,.322,.337,.347,.177,92.2,10.6,37.3,11.9,
Bradley Jr., Jackie,598265,2022,.223,.330,.252,.268,.273,.107,87.6,7.4,29.4,4.8,
Candelario, Jeimer,600869,2022,.228,.379,.277,.292,.284,.152,87.2,13.5,37,8.3,
Daza, Yonathan,602074,2022,.282,.351,.323,.308,.333,.070,84.8,4.6,34.1,1.9,
Urias, Ramon,602104,2022,.250,.420,.313,.320,.309,.170,89.4,11,32.1,9.6,
Anderson, Brian,605119,2022,.229,.379,.293,.309,.317,.150,88.7,7.7,31.1,9.7,
Bell, Josh,605137,2022,.273,.424,.344,.349,.369,.151,88.9,8.4,30.7,7.2,
Betts, Mookie,605141,2022,.254,.465,.373,.344,.327,.211,90.5,18.6,36.2,9.7,
Caratini, Victor,605170,2022,.233,.350,.289,.309,.332,.117,89.4,6.6,30,6.3,
Davis, J.D.,605204,2022,.245,.471,.333,.353,.338,.227,92.4,12.3,34.8,16.2,
Machin, Vimael,605353,2022,.243,.343,.268,.301,.323,.100,89.3,10.2,36.3,3.9,
Castro, Harold,605612,2022,.275,.423,.297,.316,.305,.148,87,11.4,41.6,6.1,
Tapia, Raimel,606132,2022,.256,.366,.293,.286,.284,.110,87.6,4,27.5,5.1,
Aquino, Aristides,606157,2022,.179,.315,.266,.242,.231,.136,85.6,17.4,27.2,8.2,
Hernandez, Teoscar,606192,2022,.265,.501,.348,.351,.314,.236,92.6,11.6,36.3,15,
Marte, Ketel,606466,2022,.251,.377,.317,.315,.333,.126,90.1,13.5,31.6,6.1,
Haase, Eric,606992,2022,.239,.399,.322,.302,.292,.161,87.7,17,32.3,8.7,
Nimmo, Brandon,607043,2022,.261,.409,.353,.342,.357,.148,89.4,6.1,28.1,7,
Peterson, Jace,607054,2022,.235,.366,.306,.303,.316,.132,88.6,9.7,33.7,7.2,
Turner, Trea,607208,2022,.276,.432,.350,.335,.327,.156,88.9,10.2,35.3,7.6,
Stallings, Jacob,607732,2022,.221,.312,.265,.274,.292,.091,86.7,12.9,33.5,3.4,
Ramirez, Jose,608070,2022,.255,.408,.363,.320,.337,.153,87.7,20.7,33.7,6.6,
Bregman, Alex,608324,2022,.257,.416,.358,.350,.369,.159,88.9,19.5,36.2,7.3,
Gallo, Joey,608336,2022,.169,.373,.286,.295,.288,.205,89.6,23.8,29.3,17.6,
Kelly, Carson,608348,2022,.225,.345,.275,.288,.298,.120,87.7,14.7,33.2,5.2,
Seager, Corey,608369,2022,.283,.510,.331,.372,.354,.226,91.1,13.6,38.4,10.5,
Winker, Jesse,608385,2022,.249,.403,.313,.345,.369,.154,87.7,16.8,32,7.6,
Reynolds, Matt,608703,2022,.215,.305,.293,.272,.294,.090,90.2,5.6,36.5,3,
Cordero, Franchy,614173,2022,.228,.402,.304,.313,.310,.174,89.7,12.7,39,12.3,
Reyes, Franmil,614177,2022,.203,.358,.280,.275,.259,.155,92,9.9,27.8,11.3,
Swanson, Dansby,621020,2022,.257,.461,.337,.337,.314,.204,90.2,15.7,37,10.8,
Newman, Kevin,621028,2022,.260,.332,.303,.285,.304,.072,85.8,13.1,31.7,1.6,
Taylor, Chris,621035,2022,.195,.340,.298,.277,.282,.145,87.4,20.4,40.8,10.2,
Correa, Carlos,621043,2022,.276,.484,.362,.363,.353,.208,89.9,11.6,35.3,11.4,
Taylor, Tyrone,621438,2022,.236,.412,.314,.307,.289,.176,88,16.9,34.7,9.9,
Buxton, Byron,621439,2022,.242,.509,.356,.358,.323,.267,92.9,21.4,34.2,16.4,
Ward, Taylor,621493,2022,.268,.474,.362,.361,.352,.206,90,15.8,41.8,12.4,
Nido, Tomas,621512,2022,.242,.377,.265,.287,.279,.135,86.3,8.3,40.1,6.3,
Wisdom, Patrick,621550,2022,.188,.380,.316,.295,.284,.191,90.7,21,29.8,14.2,
Wendle, Joey,621563,2022,.250,.331,.289,.276,.289,.081,87.5,3,27.9,1.7,
Olson, Matt,621566,2022,.248,.467,.344,.347,.334,.219,92.9,16.1,33.8,13.6,
Margot, Manuel,622534,2022,.264,.357,.308,.299,.316,.092,89.5,10.2,30.9,3.7,
Reyes, Victor,622682,2022,.261,.368,.284,.292,.297,.107,87.9,10.9,35.5,5,
Mateo, Jorge,622761,2022,.222,.344,.281,.272,.269,.122,86.8,14.8,35.5,6,
Velazquez, Andrew,623205,2022,.202,.312,.239,.246,.243,.110,88,8.2,33,6.6,
Ramirez, Harold,623912,2022,.280,.387,.327,.314,.324,.108,88.5,4.8,32.2,4.8,
Santander, Anthony,623993,2022,.257,.471,.336,.352,.335,.214,90.1,21.4,33.5,11.6,
Alonso, Pete,624413,2022,.262,.489,.366,.354,.346,.227,89.8,18.2,34.5,12.3,
Arroyo, Christian,624414,2022,.292,.430,.319,.330,.330,.138,88.9,9.1,34.9,6.4,
Biggio, Cavan,624415,2022,.193,.319,.302,.288,.311,.126,87.9,19.6,36.2,6.9,
Frazier, Adam,624428,2022,.262,.339,.274,.297,.324,.077,85.1,13.6,37.7,1.5,
Trevino, Jose,624431,2022,.239,.364,.293,.281,.275,.125,87.9,13,31,5.1,
Gordon, Nick,624503,2022,.261,.464,.321,.333,.308,.203,90.6,12.5,36.6,9.4,
McGuire, Reese,624512,2022,.233,.326,.297,.267,.276,.092,87,14.1,33.2,2.5,
Soler, Jorge,624585,2022,.226,.421,.305,.322,.312,.196,91.2,13.7,33.1,12.2,
Hernandez, Yadiel,628450,2022,.244,.407,.315,.310,.293,.163,88.8,3.5,35.6,8.6,
Cronenworth, Jake,630105,2022,.221,.356,.318,.303,.319,.135,87.6,18.2,32.3,5.6,
Pinder, Chad,640461,2022,.235,.380,.281,.280,.263,.145,87.5,9.7,33.3,6.5,
Anderson, Tim,641313,2022,.302,.438,.323,.340,.340,.136,88.2,3.3,37.5,5.8,
Bellinger, Cody,641355,2022,.213,.354,.284,.278,.271,.141,89.4,20.3,34.4,8.3,
Crawford, J.P.,641487,2022,.255,.337,.306,.315,.353,.081,85.1,8.9,32.4,2,
Dozier, Hunter,641531,2022,.241,.387,.298,.301,.297,.146,88.5,13.1,33.1,7.7,
Engel, Adam,641553,2022,.219,.287,.256,.246,.264,.068,87.9,15,30.8,1.8,
Guillorme, Luis,641645,2022,.255,.335,.311,.302,.335,.080,86.2,4.3,35.6,2.4,
Heim, Jonah,641680,2022,.224,.361,.306,.291,.296,.137,89.3,17,29.6,6.9,
Mancini III, Trey,641820,2022,.245,.410,.312,.327,.328,.165,89.5,12.7,39.6,9.8,
McMahon, Ryan,641857,2022,.248,.423,.326,.330,.329,.176,91.7,10.8,36.4,10.4,
Neuse, Sheldon,641914,2022,.212,.291,.253,.254,.272,.079,89.1,1.5,23,3.1,
O'Neill, Tyler,641933,2022,.240,.423,.307,.331,.324,.183,89.8,13.6,36.6,11.3,
Tellez, Rowdy,642133,2022,.252,.479,.327,.349,.337,.226,91.1,15.3,31.4,12.9,
Mejia, Francisco,642336,2022,.242,.329,.279,.262,.265,.087,86.8,15.7,39.1,2.7,
Siri, Jose,642350,2022,.207,.323,.268,.261,.262,.116,87.2,15.4,35.1,6.2,
Rosario, Amed,642708,2022,.276,.396,.311,.310,.308,.120,88.4,5,31.1,4.5,
Adames, Willy,642715,2022,.238,.451,.325,.323,.299,.213,88.9,18.9,36.4,13,
Estrada, Thairo,642731,2022,.246,.352,.317,.299,.312,.107,86.2,8.1,31.6,4.4,
Benintendi, Andrew,643217,2022,.273,.407,.342,.334,.347,.134,89.2,12.6,39.2,5.1,
Cooper, Garrett,643265,2022,.260,.436,.330,.341,.338,.177,89.6,8.8,39,10.7,
Dubon, Mauricio,643289,2022,.239,.330,.247,.271,.279,.091,84.7,16.7,28.1,2.3,
Kemp, Tony,643393,2022,.219,.291,.287,.267,.294,.072,84.4,15,33.9,1.6,
Kiner-Falefa, Isiah,643396,2022,.262,.333,.285,.290,.317,.071,86.2,4.3,29.6,1.2,
McNeil, Jeff,643446,2022,.280,.389,.365,.323,.341,.109,86.9,12.8,39,2.7,
Schwindel, Frank,643524,2022,.230,.351,.278,.278,.281,.121,88.1,10.2,31.6,4.7,
Albies, Ozzie,645277,2022,.239,.387,.305,.297,.290,.148,87.1,16.9,34.8,5.4,
Robles, Victor,645302,2022,.203,.280,.260,.244,.256,.077,84.6,15.8,29.2,3.2,
Devers, Rafael,646240,2022,.282,.497,.373,.361,.348,.215,93.1,11.3,33.1,11.5,
Naylor, Josh,647304,2022,.257,.430,.331,.327,.323,.173,89.4,10.3,28.9,8.6,
Toro, Abraham,647351,2022,.226,.372,.246,.284,.277,.146,87,16.7,31.2,6.8,
Diaz, Aledmys,649557,2022,.261,.396,.301,.308,.306,.134,86.6,12.4,30.3,6.3,
Urias, Luis,649966,2022,.238,.398,.327,.326,.335,.161,87.3,18,34.3,8.3,
Arraez, Luis,650333,2022,.288,.408,.350,.333,.350,.121,88.9,12.9,38.7,3.6,
Jimenez, Eloy,650391,2022,.266,.512,.370,.365,.335,.246,92.8,7.4,31.7,14.7,
Torres, Gleyber,650402,2022,.244,.441,.328,.319,.298,.198,90.4,17.5,36.2,10.7,
Castro, Willi,650489,2022,.261,.339,.285,.290,.304,.079,84.8,13.9,35.5,3.5,
Diaz, Yandy,650490,2022,.288,.424,.366,.365,.395,.137,92.2,7.7,30.7,4.8,
De La Cruz, Bryan,650559,2022,.287,.498,.313,.355,.327,.212,90.8,9.8,43.6,11.9,
Rengifo, Luis,650859,2022,.254,.392,.314,.296,.285,.138,86.9,9.9,31.1,5.4,
Chapman, Matt,656305,2022,.234,.440,.331,.341,.331,.206,92.2,19,34,12.9,
Chavis, Michael,656308,2022,.217,.336,.282,.261,.256,.119,85.4,11.1,33,7.5,
Hoskins, Rhys,656555,2022,.239,.445,.345,.338,.327,.207,90.1,18.1,37.3,11.1,
Joe, Connor,656582,2022,.241,.340,.314,.311,.342,.100,85.3,10.6,35.1,4.5,
Mullins II, Cedric,656775,2022,.232,.349,.315,.288,.297,.117,88.8,17.4,29.3,4.9,
Rivera, Emmanuel,656896,2022,.238,.410,.306,.310,.296,.173,90.4,9.8,32.3,9.3,
Schwarber, Kyle,656941,2022,.237,.535,.355,.375,.341,.298,93.3,19.2,35.4,20.1,
Smith, Pavin,656976,2022,.216,.379,.294,.304,.300,.163,87.9,15.2,28.7,9.9,
Thomas, Lane,657041,2022,.222,.357,.308,.286,.286,.135,86.4,12.5,32.6,6.5,
Verdugo, Alex,657077,2022,.278,.428,.319,.329,.327,.151,89.1,8.4,37.8,6,
Laureano, Ramon,657656,2022,.219,.402,.294,.307,.294,.183,88.7,14.9,28.9,11.6,
Sheets, Gavin,657757,2022,.224,.359,.308,.283,.281,.135,88.6,14.8,32.3,6.5,
Moncada, Yoan,660162,2022,.220,.375,.275,.289,.282,.155,88.7,15.7,35.1,9.8,
Ohtani, Shohei,660271,2022,.278,.552,.370,.385,.361,.274,92.9,12.1,35,16.8,
Castillo, Diego,660636,2022,.224,.389,.272,.292,.273,.164,89.1,14.6,37.7,9.9,
Acuna Jr., Ronald,660670,2022,.272,.486,.335,.366,.358,.214,91.2,10.8,32.8,12.8,
Ruiz, Keibert,660688,2022,.277,.403,.299,.328,.337,.126,88,14.9,36.3,3.7,
Gonzalez, Oscar,660757,2022,.279,.422,.339,.320,.313,.143,88.6,5.4,32.5,7.3,
Yepez, Juan,660766,2022,.216,.394,.319,.286,.263,.178,86.5,17.1,33.2,9.2,
Sanchez, Jesus,660821,2022,.226,.383,.298,.298,.290,.158,89.5,11,25.7,9.9,
Contreras, William,661388,2022,.243,.479,.370,.347,.323,.235,90.4,6.1,31.9,13.4,
Varsho, Daulton,662139,2022,.214,.389,.323,.298,.285,.176,87.7,14.9,33.6,10.2,
Nootbaar, Lars,663457,2022,.247,.414,.342,.346,.360,.167,91.7,10.7,30.4,12.1,
Hoerner, Nico,663538,2022,.270,.366,.320,.301,.318,.097,87.2,10.7,32.6,2.6,
Riley, Austin,663586,2022,.271,.531,.377,.378,.349,.260,92.5,12.9,37.7,15.7,
Mountcastle, Ryan,663624,2022,.277,.509,.316,.362,.332,.232,91.3,15.9,39.5,15,
Hayes, Ke'Bryan,663647,2022,.250,.354,.294,.303,.321,.105,91,5.2,30.6,3.9,
Tucker, Kyle,663656,2022,.262,.482,.348,.353,.336,.220,90,19,34.4,10.2,
India, Jonathan,663697,2022,.238,.354,.315,.302,.318,.116,85.1,14.5,36,4.8,
Bart, Joey,663698,2022,.210,.370,.294,.296,.292,.160,87.3,16.3,32.2,10.1,
Raleigh, Cal,663728,2022,.216,.461,.330,.324,.290,.246,90.9,22.5,36,15.4,
Grisham, Trent,663757,2022,.204,.354,.280,.295,.302,.150,88.3,15.1,25.5,8.1,
Vierling, Matt,663837,2022,.279,.408,.285,.327,.331,.129,91.2,12,35.2,5,
Rivas III, Alfonso,663845,2022,.219,.308,.285,.281,.309,.090,86.9,4.9,34.7,4.2,
Rodgers, Brendan,663898,2022,.265,.404,.321,.326,.330,.139,90,4.6,31.3,7.2,
Lowe, Nathaniel,663993,2022,.275,.459,.368,.344,.333,.184,90.2,8.2,34.1,9.9,
Happ, Ian,664023,2022,.239,.379,.339,.306,.315,.140,89.7,10.9,29.2,6.5,
France, Ty,664034,2022,.262,.398,.337,.321,.330,.136,87.6,10.1,34.8,5.4,
Lowe, Brandon,664040,2022,.237,.401,.306,.320,.322,.164,89.4,16.6,35.4,10.3,
Bader, Harrison,664056,2022,.234,.321,.286,.270,.279,.088,83.4,16.7,28.4,3.4,
Moore, Dylan,664238,2022,.202,.360,.338,.322,.350,.158,87.2,20.7,39.4,12.9,
Straw, Myles,664702,2022,.236,.301,.257,.275,.306,.065,87,9.8,34.1,0.7,
Isbel, Kyle,664728,2022,.220,.323,.265,.266,.273,.102,89.7,10.6,30.4,4.9,
Bohm, Alec,664761,2022,.290,.436,.310,.333,.327,.146,90.2,10.4,37.7,6.8,
Wade Jr., LaMonte,664774,2022,.221,.407,.298,.321,.317,.187,87.7,21.1,33.7,9.5,
Brown, Seth,664913,2022,.251,.454,.323,.338,.324,.203,89.2,15.8,34.9,13,
McCarthy, Jake,664983,2022,.249,.357,.337,.298,.310,.108,87.4,8,32.5,4.8,
Walsh, Jared,665120,2022,.221,.368,.278,.280,.274,.147,90.1,10.7,34,9.5,
Pena, Jeremy,665161,2022,.248,.397,.309,.300,.285,.149,88.1,8.7,32.9,9.7,
Celestino, Gilberto,665482,2022,.219,.294,.280,.270,.297,.075,87.3,-1.9,27.1,2.5,
Guerrero Jr., Vladimir,665489,2022,.276,.462,.351,.348,.342,.185,92.8,4.3,27.9,11.2,
Pache, Cristian,665506,2022,.228,.300,.207,.259,.276,.072,89.4,3.8,25.3,3.4,
Soto, Juan,665742,2022,.266,.501,.376,.401,.420,.235,91,9.1,28.5,12.4,
Taveras, Leody,665750,2022,.230,.322,.297,.270,.281,.092,89.3,12,28.7,4.3,
Cruz, Oneil,665833,2022,.223,.410,.320,.304,.286,.188,91.9,8.3,30.6,15.5,
Gimenez, Andres,665926,2022,.257,.400,.364,.326,.336,.143,87.8,11.7,31.3,6.2,
Lux, Gavin,666158,2022,.247,.372,.328,.314,.325,.124,88,6.8,34,6.1,
Adell, Jo,666176,2022,.200,.314,.277,.250,.244,.114,87.4,16.7,33.3,9.9,
Bichette, Bo,666182,2022,.278,.444,.347,.334,.322,.166,91.9,8.5,33.3,9.6,
Carlson, Dylan,666185,2022,.234,.355,.306,.301,.316,.121,86.1,12.9,35.7,4.4,
Morel, Christopher,666624,2022,.233,.435,.322,.324,.307,.202,89.6,9.1,30,13.4,
Castro, Rodolfo,666801,2022,.210,.354,.314,.280,.276,.144,87.3,11.7,25.6,6.7,
Dalbec, Bobby,666915,2022,.216,.379,.287,.296,.287,.163,90.3,15.2,32,11.8,
Garcia, Adolis,666969,2022,.244,.447,.324,.322,.296,.204,92.1,13.2,36.9,12.9,
Gurriel Jr., Lourdes,666971,2022,.273,.400,.327,.321,.328,.127,90.6,10.9,34.7,3.8,
Arozarena, Randy,668227,2022,.234,.382,.336,.301,.301,.148,89.9,8.8,28.2,7.9,
Knizner, Andrew,668800,2022,.219,.306,.275,.280,.305,.087,86,15.6,28.6,3.5,
Reynolds, Bryan,668804,2022,.249,.416,.349,.329,.334,.167,90.2,12,35.5,7.9,
Rutschman, Adley,668939,2022,.248,.411,.354,.342,.358,.163,87.9,15.6,35.6,7.9,
Rojas, Josh,668942,2022,.242,.365,.326,.308,.327,.123,88.8,11.9,33.5,4.5,
Melendez Jr., MJ,669004,2022,.237,.410,.310,.332,.334,.173,90.7,15.1,31,10.4,
Marsh, Brandon,669016,2022,.226,.372,.296,.287,.279,.146,89.2,10.9,40.8,7.4,
Murphy, Sean,669221,2022,.255,.439,.331,.344,.340,.184,88.7,11.5,34.7,10.5,
Senzel, Nick,669222,2022,.249,.355,.272,.299,.313,.106,87.2,11.7,35,3.3,
Edman, Tommy,669242,2022,.258,.380,.318,.308,.318,.122,88.6,8.7,31.6,6.2,
Smith, Will,669257,2022,.257,.473,.349,.352,.341,.216,89.9,18.4,36.8,10.3,
Suwinski, Jack,669261,2022,.204,.393,.311,.307,.300,.189,88.3,14.3,26.3,12.2,
Espinal, Santiago,669289,2022,.263,.348,.305,.298,.319,.085,86.1,14.1,33.8,3.4,
Miranda, Jose,669304,2022,.253,.410,.329,.317,.312,.157,89.3,13.8,34.2,6.2,
Gorman, Nolan,669357,2022,.239,.476,.316,.341,.312,.237,89.2,20,46.7,14.4,
Hiura, Keston,669374,2022,.205,.425,.334,.317,.297,.221,91.7,16.1,41.1,15.3,
Allen, Nick,669397,2022,.210,.266,.245,.238,.259,.056,83.9,7.6,26,1.2,
Smith, Josh H.,669701,2022,.224,.313,.262,.296,.330,.090,87,19.2,34.5,2.4,
Hays, Austin,669720,2022,.240,.372,.314,.298,.298,.132,87.7,11.3,32.3,5.2,
Lopez, Nicky,670032,2022,.243,.312,.251,.273,.296,.069,84.9,4.9,31.3,1.6,
Alvarez, Yordan,670541,2022,.329,.672,.427,.462,.430,.343,95.2,12.3,40.7,21,
Paredes, Isaac,670623,2022,.210,.348,.323,.297,.310,.138,87.4,15.8,27.4,6.4,
Walls, Taylor,670764,2022,.196,.304,.252,.270,.290,.108,86.3,16.6,32.6,6.2,
Gonzalez, Luis,670768,2022,.215,.306,.302,.268,.289,.091,86.9,10.9,27,2.9,
Friedl Jr., TJ,670770,2022,.215,.335,.323,.283,.295,.119,87.2,19.8,30.9,4.7,
Garcia, Luis,671277,2022,.260,.409,.303,.305,.285,.149,87.3,5.5,37.4,7.5,
Harris II, Michael,671739,2022,.268,.460,.367,.335,.312,.192,89.5,4.5,32.8,10.1,
Kirk, Alejandro,672386,2022,.278,.431,.347,.351,.367,.153,90.5,8.1,32,6.7,
Perdomo, Geraldo,672695,2022,.213,.282,.253,.269,.302,.069,85,12.1,28.1,2,
Robert, Luis,673357,2022,.272,.449,.324,.327,.307,.178,89.3,10,32.6,8.9,
Kim, Ha-Seong,673490,2022,.250,.368,.313,.309,.324,.119,86.7,16.1,34,4.2,
Suzuki, Seiya,673548,2022,.247,.419,.334,.327,.325,.172,89.6,11.2,36.9,11,
McCormick, Chas,676801,2022,.232,.414,.326,.325,.321,.183,88.1,12.8,33.5,10.2,
Franco, Wander,677551,2022,.285,.408,.323,.331,.340,.123,87.3,8.2,35.1,4.6,
Rodriguez, Julio,677594,2022,.254,.460,.366,.337,.319,.206,92,10.1,32.7,13.1,
Thomas, Alek,677950,2022,.238,.335,.272,.277,.285,.097,87.4,2.6,27.9,3.8,
Witt Jr., Bobby,677951,2022,.253,.427,.312,.314,.295,.175,89.7,16.8,32.5,8.7,
Torkelson, Spencer,679529,2022,.226,.378,.272,.305,.307,.151,90.5,15,35.4,8.4,
Kwan, Steven,680757,2022,.268,.341,.341,.312,.348,.073,85.1,11.8,34.6,1.4,
Miller, Owen,680911,2022,.246,.341,.287,.291,.307,.095,85.8,10.1,35,3.5,
Donovan, Brendan,680977,2022,.266,.365,.349,.339,.381,.099,87.7,6,32.7,3.4,
Stott, Bryson,681082,2022,.237,.340,.289,.284,.297,.103,88.1,13.1,29.4,4.4,
Abrams, CJ,682928,2022,.241,.316,.267,.266,.277,.075,86.5,6.8,28.6,2.1,
Greene, Riley,682985,2022,.246,.388,.303,.316,.318,.142,89.5,2.8,32,9.3,
Vaughn, Andrew,683734,2022,.255,.415,.327,.319,.311,.160,90.8,7.5,34.1,7.9,
Pasquantino, Vinnie,686469,2022,.289,.476,.365,.374,.380,.187,91.2,12.1,34.1,8.8,